{
  "name": "Inconsolata",
  "size": 24,
  "bold": false,
  "italic": false,
  "width": 512,
  "height": 128,
  "characters": {
    "0":{"x":64,"y":27,"width":16,"height":22,"originX":2,"originY":18,"advance":12},
    "1":{"x":14,"y":49,"width":12,"height":21,"originX":1,"originY":18,"advance":12},
    "2":{"x":361,"y":27,"width":16,"height":21,"originX":2,"originY":18,"advance":12},
    "3":{"x":469,"y":0,"width":16,"height":22,"originX":2,"originY":18,"advance":12},
    "4":{"x":296,"y":27,"width":17,"height":21,"originX":2,"originY":18,"advance":12},
    "5":{"x":80,"y":27,"width":16,"height":22,"originX":2,"originY":18,"advance":12},
    "6":{"x":485,"y":0,"width":16,"height":22,"originX":2,"originY":18,"advance":12},
    "7":{"x":489,"y":27,"width":15,"height":21,"originX":1,"originY":18,"advance":12},
    "8":{"x":271,"y":0,"width":16,"height":23,"originX":2,"originY":19,"advance":12},
    "9":{"x":453,"y":0,"width":16,"height":22,"originX":2,"originY":18,"advance":12},
    " ":{"x":453,"y":49,"width":3,"height":3,"originX":1,"originY":1,"advance":12},
    "!":{"x":287,"y":0,"width":10,"height":23,"originX":-1,"originY":19,"advance":12},
    "\"":{"x":337,"y":49,"width":12,"height":13,"originX":0,"originY":19,"advance":12},
    "#":{"x":192,"y":27,"width":18,"height":21,"originX":3,"originY":18,"advance":12},
    "$":{"x":123,"y":0,"width":16,"height":24,"originX":2,"originY":19,"advance":12},
    "%":{"x":139,"y":0,"width":18,"height":23,"originX":3,"originY":19,"advance":12},
    "&":{"x":315,"y":0,"width":18,"height":22,"originX":3,"originY":18,"advance":12},
    "'":{"x":360,"y":49,"width":8,"height":13,"originX":-2,"originY":19,"advance":12},
    "(":{"x":28,"y":0,"width":13,"height":27,"originX":0,"originY":19,"advance":12},
    ")":{"x":0,"y":0,"width":14,"height":27,"originX":1,"originY":19,"advance":12},
    "*":{"x":259,"y":49,"width":16,"height":17,"originX":2,"originY":16,"advance":12},
    "+":{"x":291,"y":49,"width":16,"height":17,"originX":2,"originY":16,"advance":12},
    ",":{"x":349,"y":49,"width":11,"height":13,"originX":0,"originY":6,"advance":12},
    "-":{"x":403,"y":49,"width":16,"height":9,"originX":2,"originY":12,"advance":12},
    ".":{"x":394,"y":49,"width":9,"height":10,"originX":-1,"originY":6,"advance":12},
    "/":{"x":175,"y":0,"width":16,"height":23,"originX":2,"originY":19,"advance":12},
    ":":{"x":215,"y":49,"width":10,"height":18,"originX":-1,"originY":14,"advance":12},
    ";":{"x":26,"y":49,"width":11,"height":21,"originX":0,"originY":14,"advance":12},
    "<":{"x":37,"y":49,"width":17,"height":19,"originX":3,"originY":17,"advance":12},
    "=":{"x":368,"y":49,"width":16,"height":12,"originX":2,"originY":14,"advance":12},
    ">":{"x":54,"y":49,"width":17,"height":19,"originX":2,"originY":17,"advance":12},
    "?":{"x":255,"y":0,"width":16,"height":23,"originX":2,"originY":19,"advance":12},
    "@":{"x":157,"y":0,"width":18,"height":23,"originX":3,"originY":19,"advance":12},
    "A":{"x":333,"y":0,"width":18,"height":22,"originX":3,"originY":19,"advance":12},
    "B":{"x":441,"y":27,"width":16,"height":21,"originX":2,"originY":18,"advance":12},
    "C":{"x":385,"y":0,"width":17,"height":22,"originX":2,"originY":18,"advance":12},
    "D":{"x":457,"y":27,"width":16,"height":21,"originX":2,"originY":18,"advance":12},
    "E":{"x":473,"y":27,"width":16,"height":21,"originX":2,"originY":18,"advance":12},
    "F":{"x":393,"y":27,"width":16,"height":21,"originX":2,"originY":18,"advance":12},
    "G":{"x":436,"y":0,"width":17,"height":22,"originX":3,"originY":18,"advance":12},
    "H":{"x":409,"y":27,"width":16,"height":21,"originX":2,"originY":18,"advance":12},
    "I":{"x":0,"y":49,"width":14,"height":21,"originX":1,"originY":18,"advance":12},
    "J":{"x":112,"y":27,"width":16,"height":22,"originX":2,"originY":18,"advance":12},
    "K":{"x":228,"y":27,"width":17,"height":21,"originX":2,"originY":18,"advance":12},
    "L":{"x":313,"y":27,"width":16,"height":21,"originX":2,"originY":18,"advance":12},
    "M":{"x":425,"y":27,"width":16,"height":21,"originX":2,"originY":18,"advance":12},
    "N":{"x":329,"y":27,"width":16,"height":21,"originX":2,"originY":18,"advance":12},
    "O":{"x":297,"y":0,"width":18,"height":22,"originX":3,"originY":18,"advance":12},
    "P":{"x":345,"y":27,"width":16,"height":21,"originX":2,"originY":18,"advance":12},
    "Q":{"x":79,"y":0,"width":18,"height":25,"originX":3,"originY":18,"advance":12},
    "R":{"x":279,"y":27,"width":17,"height":21,"originX":2,"originY":18,"advance":12},
    "S":{"x":207,"y":0,"width":16,"height":23,"originX":2,"originY":19,"advance":12},
    "T":{"x":245,"y":27,"width":17,"height":21,"originX":3,"originY":18,"advance":12},
    "U":{"x":96,"y":27,"width":16,"height":22,"originX":2,"originY":18,"advance":12},
    "V":{"x":156,"y":27,"width":18,"height":21,"originX":3,"originY":18,"advance":12},
    "W":{"x":174,"y":27,"width":18,"height":21,"originX":3,"originY":18,"advance":12},
    "X":{"x":262,"y":27,"width":17,"height":21,"originX":2,"originY":18,"advance":12},
    "Y":{"x":210,"y":27,"width":18,"height":21,"originX":3,"originY":18,"advance":12},
    "Z":{"x":377,"y":27,"width":16,"height":21,"originX":2,"originY":18,"advance":12},
    "[":{"x":110,"y":0,"width":13,"height":25,"originX":0,"originY":19,"advance":12},
    "\\":{"x":223,"y":0,"width":16,"height":23,"originX":2,"originY":19,"advance":12},
    "]":{"x":97,"y":0,"width":13,"height":25,"originX":0,"originY":19,"advance":12},
    "^":{"x":323,"y":49,"width":14,"height":13,"originX":1,"originY":18,"advance":12},
    "_":{"x":435,"y":49,"width":18,"height":8,"originX":3,"originY":3,"advance":12},
    "`":{"x":384,"y":49,"width":10,"height":11,"originX":0,"originY":20,"advance":12},
    "a":{"x":103,"y":49,"width":16,"height":19,"originX":2,"originY":15,"advance":12},
    "b":{"x":191,"y":0,"width":16,"height":23,"originX":2,"originY":19,"advance":12},
    "c":{"x":87,"y":49,"width":16,"height":19,"originX":2,"originY":15,"advance":12},
    "d":{"x":239,"y":0,"width":16,"height":23,"originX":2,"originY":19,"advance":12},
    "e":{"x":119,"y":49,"width":16,"height":19,"originX":2,"originY":15,"advance":12},
    "f":{"x":419,"y":0,"width":17,"height":22,"originX":2,"originY":19,"advance":12},
    "g":{"x":402,"y":0,"width":17,"height":22,"originX":2,"originY":15,"advance":12},
    "h":{"x":0,"y":27,"width":16,"height":22,"originX":2,"originY":19,"advance":12},
    "i":{"x":128,"y":27,"width":14,"height":22,"originX":1,"originY":19,"advance":12},
    "j":{"x":14,"y":0,"width":14,"height":27,"originX":2,"originY":19,"advance":12},
    "k":{"x":368,"y":0,"width":17,"height":22,"originX":2,"originY":19,"advance":12},
    "l":{"x":142,"y":27,"width":14,"height":22,"originX":1,"originY":19,"advance":12},
    "m":{"x":151,"y":49,"width":17,"height":18,"originX":2,"originY":15,"advance":12},
    "n":{"x":168,"y":49,"width":16,"height":18,"originX":2,"originY":15,"advance":12},
    "o":{"x":71,"y":49,"width":16,"height":19,"originX":2,"originY":15,"advance":12},
    "p":{"x":48,"y":27,"width":16,"height":22,"originX":2,"originY":15,"advance":12},
    "q":{"x":32,"y":27,"width":16,"height":22,"originX":2,"originY":15,"advance":12},
    "r":{"x":200,"y":49,"width":15,"height":18,"originX":1,"originY":15,"advance":12},
    "s":{"x":135,"y":49,"width":16,"height":19,"originX":2,"originY":15,"advance":12},
    "t":{"x":16,"y":27,"width":16,"height":22,"originX":2,"originY":18,"advance":12},
    "u":{"x":184,"y":49,"width":16,"height":18,"originX":2,"originY":14,"advance":12},
    "v":{"x":275,"y":49,"width":16,"height":17,"originX":2,"originY":14,"advance":12},
    "w":{"x":225,"y":49,"width":18,"height":17,"originX":3,"originY":14,"advance":12},
    "x":{"x":243,"y":49,"width":16,"height":17,"originX":2,"originY":14,"advance":12},
    "y":{"x":351,"y":0,"width":17,"height":22,"originX":3,"originY":14,"advance":12},
    "z":{"x":307,"y":49,"width":16,"height":17,"originX":2,"originY":14,"advance":12},
    "{":{"x":56,"y":0,"width":15,"height":26,"originX":2,"originY":19,"advance":12},
    "|":{"x":71,"y":0,"width":8,"height":26,"originX":-2,"originY":19,"advance":12},
    "}":{"x":41,"y":0,"width":15,"height":26,"originX":2,"originY":19,"advance":12},
    "~":{"x":419,"y":49,"width":16,"height":9,"originX":2,"originY":12,"advance":12}
  }
}
